exp,imp,v
Afghanistan,France,3.2030000000000003
Albania,Greece,26.596999999999998
Andorra,Canada,0.11599999999999999
Angola,France,0.1
Angola,Japan,0.018000000000000002
Angola,Malta,0.013999999999999999
Angola,Mozambique,0.011000000000000001
Angola,Namibia,0.38299999999999995
Angola,Portugal,461.194
Angola,South Africa,73.442
Angola,Spain,1897.424
Argentina,Canada,0.376
Argentina,France,0.001
Argentina,Paraguay,3.2230000000000003
Argentina,Switzerland,0.261
Australia,Canada,0.083
Australia,China,7.381
Australia,Japan,127.735
Australia,Rep. of Korea,0.033
Australia,China,0.12300000000000001
Australia,Maldives,4.105
Australia,Nauru,2.24
Australia,New Zealand,32.728
Australia,Papua New Guinea,0.353
Australia,Portugal,0.706
Australia,Singapore,201.657
Australia,Viet Nam,0.585
Australia,Switzerland,0.022000000000000002
Australia,United Arab Emirates,0.022000000000000002
Austria,Belgium,0.054000000000000006
Austria,Bulgaria,0.179
Austria,Croatia,389.837
Austria,Cyprus,1.135
Austria,Czechia,29.301
Austria,France,0.09
Austria,Germany,416.361
Austria,Hungary,6450.637
Austria,Italy,531.337
Austria,Latvia,0.002
Austria,Lithuania,0.001
Austria,Luxembourg,1.594
Austria,Maldives,0.23
Austria,Montenegro,0.679
Austria,Netherlands,161.032
Austria,Norway,0.002
Austria,Poland,0.133
Austria,Portugal,0.629
Austria,Romania,0.6759999999999999
Austria,Singapore,0.281
Austria,Slovakia,160.058
Austria,Slovenia,2689.948
Austria,Sweden,0.028999999999999998
Austria,Switzerland,55.37
Austria,United Kingdom,0.478
Bahrain,Saudi Arabia,1.443
Bangladesh,Belgium,1.494
Bangladesh,Canada,0.055999999999999994
Bangladesh,Germany,468.911
Bangladesh,Kuwait,104.124
Bangladesh,Saudi Arabia,10.595999999999998
Bangladesh,Singapore,0.024
Bangladesh,Sweden,0.316
Bangladesh,United Arab Emirates,0.95
Armenia,Georgia,82.959
Belgium,Australia,1.617
Belgium,Austria,56559.775
Belgium,Bahrain,0.14
Belgium,Bulgaria,146.51
Belgium,Croatia,744.182
Belgium,Cyprus,197.292
Belgium,Czechia,22287.093999999997
Belgium,Denmark,4055.4570000000003
Belgium,Estonia,1177.644
Belgium,Finland,316.743
Belgium,France,33731.705
Belgium,Germany,306238.298
Belgium,Greece,2.245
Belgium,China,1.359
Belgium,Hungary,2598.925
Belgium,Ireland,29.070999999999998
Belgium,Italy,4136.062
Belgium,CÙte d'Ivoire,0.094
Belgium,Japan,0.08900000000000001
Belgium,Kuwait,0.304
Belgium,Lebanon,1.663
Belgium,Latvia,3591.063
Belgium,Lithuania,1139.817
Belgium,Luxembourg,3992.113
Belgium,Netherlands,111107.823
Belgium,Poland,13997.598
Belgium,Portugal,147.461
Belgium,Romania,23978.726000000002
Belgium,Slovakia,3405.361
Belgium,Slovenia,307.454
Belgium,Spain,3802.2740000000003
Belgium,Sweden,125.80799999999999
Belgium,Switzerland,1.117
Belgium,Ukraine,1.2930000000000001
Belgium,United Kingdom,8098.448
Bermuda,USA,6.905
Bolivia (Plurinational State of),Argentina,31276.122000000003
Bolivia (Plurinational State of),Chile,646.72
Bolivia (Plurinational State of),Poland,818.8689999999999
Bolivia (Plurinational State of),Uruguay,1643.399
Bosnia Herzegovina,Montenegro,22.601
Bosnia Herzegovina,Russian Federation,3.928
Bosnia Herzegovina,Serbia,12.277999999999999
Botswana,Namibia,0.48700000000000004
Brazil,Algeria,0.018000000000000002
Brazil,Angola,0.012
Brazil,Antigua and Barbuda,0.079
Brazil,Argentina,5433.682
Brazil,Austria,24.34
Brazil,Bahamas,0.701
Brazil,Bahrain,0.03
Brazil,Barbados,0.065
Brazil,Belgium,291.823
Brazil,Bermuda,0.01
Brazil,Belize,0.057999999999999996
Brazil,Belarus,77.88600000000001
Brazil,Canada,1.633
Brazil,Cayman Isds,0.07400000000000001
Brazil,Chile,0.052000000000000005
Brazil,China,0.863
Brazil,Cyprus,0.892
Brazil,Czechia,137.55
Brazil,Denmark,0.10400000000000001
Brazil,Falkland Isds (Malvinas),0.03
Brazil,France,5.455
Brazil,Germany,583.5840000000001
Brazil,Gibraltar,0.14400000000000002
Brazil,Greece,2.326
Brazil,Greenland,0.098
Brazil,China,1.709
Brazil,Italy,0.261
Brazil,Japan,0.212
Brazil,Rep. of Korea,0.034
Brazil,Lebanon,0.04
Brazil,Liberia,2.593
Brazil,Lithuania,0.295
Brazil,Luxembourg,0.03
Brazil,Malaysia,0.006999999999999999
Brazil,Malta,1.857
Brazil,Other Asia,0.017
Brazil,Morocco,3.266
Brazil,Netherlands,599.456
Brazil,Norway,59.075
Brazil,Marshall Isds,3.739
Brazil,Panama,3.635
Brazil,Philippines,0.121
Brazil,Poland,816.824
Brazil,Portugal,5.284
Brazil,Romania,0.018000000000000002
Brazil,Russian Federation,65.191
Brazil,Saint Vincent and the Grenadines,0.046
Brazil,Saudi Arabia,20.062
Brazil,Serbia,49.821999999999996
Brazil,India,0.08900000000000001
Brazil,Singapore,1.508
Brazil,Slovakia,17.927
Brazil,Viet Nam,0.019
Brazil,Slovenia,0.031
Brazil,Spain,760.8789999999999
Brazil,Sweden,0.092
Brazil,Switzerland,12.732000000000001
Brazil,Thailand,0.262
Brazil,Togo,0.031
Brazil,United Arab Emirates,1.7690000000000001
Brazil,Tunisia,10.366
Brazil,Turkey,31.551
Brazil,Tuvalu,0.003
Brazil,Ukraine,16.93
Brazil,Egypt,0.008
Brazil,United Kingdom,1556.8770000000002
Brazil,USA,1851.589
Brazil,Uruguay,10107.954
Belize,Belgium,3013.87
Belize,Ireland,11948.426000000001
Belize,Netherlands,429.086
Belize,Poland,1.069
Belize,Spain,2671.284
Belize,Switzerland,13.195
Belize,United Kingdom,30401.205
Belize,USA,3.353
Solomon Isds,Marshall Isds,0.012
Bulgaria,Denmark,0.15
Bulgaria,France,0.601
Bulgaria,Germany,94.568
Bulgaria,Greece,15.475999999999999
Bulgaria,Iraq,13.902999999999999
Bulgaria,Netherlands,12.408
Bulgaria,Romania,1212.292
Bulgaria,Switzerland,0.799
Bulgaria,United Kingdom,1.4980000000000002
Myanmar,China,34636.671
Myanmar,Germany,224.204
Myanmar,Rep. of Korea,59.297
Myanmar,Malaysia,2.539
Myanmar,Singapore,1.385
Myanmar,Thailand,517.8580000000001
Burundi,Belgium,37.75
Burundi,France,5.147
Burundi,United Rep. of Tanzania,120.20100000000001
Belarus,Kazakhstan,26.8
Belarus,Lithuania,13.2
Belarus,Russian Federation,2.1
Cambodia,Germany,315.66
Cambodia,Japan,1.676
Cambodia,Rep. of Korea,0.691
Cambodia,Norway,1.5730000000000002
Cambodia,Singapore,0.001
Cambodia,Viet Nam,18413.327
Cameroon,Austria,19.761
Cameroon,Belgium,118034.231
Cameroon,Canada,0.071
Cameroon,Czechia,10812.252
Cameroon,Estonia,8.921
Cameroon,France,81667.546
Cameroon,Georgia,0.031
Cameroon,Germany,1631.474
Cameroon,Ireland,59.388000000000005
Cameroon,Italy,2141.709
Cameroon,Luxembourg,0.019
Cameroon,Nigeria,79.862
Cameroon,Norway,2.339
Cameroon,Poland,3171.3940000000002
Cameroon,Slovakia,9421.56
Cameroon,Slovenia,1269.6
Cameroon,Spain,15916.532
Cameroon,Switzerland,160.627
Cameroon,United Kingdom,24956.717
Canada,Bahamas,1.896
Canada,France,30.609
Canada,Germany,0.29
Canada,Rep. of Korea,4.91
Canada,New Zealand,0.009000000000000001
Canada,Saint Pierre and Miquelon,6.692
Canada,Singapore,0.831
Canada,Switzerland,2.416
Canada,Trinidad and Tobago,1.7819999999999998
Canada,USA,90.721
Central African Rep.,Germany,11.957
Sri Lanka,Australia,28.315
Sri Lanka,Austria,5.341
Sri Lanka,Bahrain,11.949000000000002
Sri Lanka,Armenia,0.158
Sri Lanka,Bulgaria,1.923
Sri Lanka,Canada,49.58
Sri Lanka,Czechia,21.521
Sri Lanka,Finland,2.67
Sri Lanka,France,66.209
Sri Lanka,Germany,130.975
Sri Lanka,Hungary,0.624
Sri Lanka,Israel,15.597000000000001
Sri Lanka,Italy,34.641999999999996
Sri Lanka,Japan,10.921
Sri Lanka,Rep. of Korea,4.4
Sri Lanka,Kuwait,293.166
Sri Lanka,Luxembourg,0.17600000000000002
Sri Lanka,Maldives,228.84799999999998
Sri Lanka,Malta,0.055999999999999994
Sri Lanka,Netherlands,40.37
Sri Lanka,New Zealand,26.065
Sri Lanka,Norway,29.726999999999997
Sri Lanka,Poland,20.549
Sri Lanka,Russian Federation,0.713
Sri Lanka,Saudi Arabia,3176.525
Sri Lanka,South Africa,1.765
Sri Lanka,Switzerland,232.485
Sri Lanka,United Arab Emirates,2625.882
Sri Lanka,Ukraine,0.5670000000000001
Sri Lanka,United Kingdom,40.845
Sri Lanka,USA,129.10399999999998
Chile,Canada,19.351
Chile,Costa Rica,0.017
Chile,Czechia,1.92
Chile,France,0.006999999999999999
Chile,Germany,1.432
Chile,Netherlands,53.486000000000004
Chile,Norway,36.318000000000005
Chile,Peru,0.9079999999999999
Chile,Slovakia,3.9389999999999996
Chile,Slovenia,0.053
Chile,Switzerland,2.609
Chile,USA,234.15099999999998
China,Azerbaijan,4.901
China,Argentina,7.537000000000001
China,Australia,12.535
China,Bahamas,0.5539999999999999
China,Brazil,3.1289999999999996
China,Belarus,48.824
China,Canada,39.849000000000004
China,Chile,0.075
China,Costa Rica,1.911
China,Czechia,7.095
China,France,0.331
China,Germany,2147.2110000000002
China,China,3491.368
China,Hungary,4.503
China,Indonesia,15.155999999999999
China,Israel,15.571
China,Italy,10.475999999999999
China,Japan,8.142999999999999
China,Kazakhstan,0.006
China,Dem. People's Rep. of Korea,4982.206
China,Rep. of Korea,7.882999999999999
China,Kuwait,64.866
China,Kyrgyzstan,6.8660000000000005
China,Lebanon,0.038
China,Lithuania,1.3730000000000002
China,China,544.832
China,Malaysia,12.458
China,Mongolia,230.583
China,New Zealand,0.021
China,Philippines,21.404
China,Russian Federation,154.062
China,Singapore,0.67
China,Slovakia,13.623
China,South Africa,8.783999999999999
China,Spain,491.028
China,Switzerland,0.51
China,Thailand,27.539
China,United Arab Emirates,0.7240000000000001
China,Egypt,3.699
China,United Kingdom,12.652999999999999
China,USA,2306.776
China,Uruguay,7.15
Colombia,Albania,1097.693
Colombia,Argentina,462.249
Colombia,Australia,17.415
Colombia,Austria,39143.091
Colombia,Bahrain,8.241
Colombia,Belgium,224856.543
Colombia,Bosnia Herzegovina,7843.959
Colombia,Bulgaria,1054.5739999999998
Colombia,Belarus,881.9
Colombia,Canada,3004.5809999999997
Colombia,Chile,110.448
Colombia,China,165.15
Colombia,Costa Rica,4.138999999999999
Colombia,Croatia,1272.03
Colombia,Czechia,25006.295
Colombia,Denmark,400.029
Colombia,Estonia,102.366
Colombia,Finland,0.21600000000000003
Colombia,France,14493.341
Colombia,Georgia,42.12
Colombia,Germany,87627.633
Colombia,Greece,11161.691
Colombia,Greenland,0.091
Colombia,Honduras,27.124000000000002
Colombia,China,0.061
Colombia,Iceland,60.346000000000004
Colombia,Ireland,3495.565
Colombia,Israel,2.044
Colombia,Italy,119892.74
Colombia,Japan,1947.72
Colombia,Rep. of Korea,9.668
Colombia,Kuwait,0.19699999999999998
Colombia,Lebanon,0.366
Colombia,Latvia,23.423000000000002
Colombia,Libya,38.354
Colombia,Lithuania,14.075999999999999
Colombia,Luxembourg,308.92
Colombia,Malaysia,0.171
Colombia,Malta,682.279
Colombia,Rep. of Moldova,155.749
Colombia,Montenegro,1032.56
Colombia,Morocco,237.78599999999997
Colombia,Netherlands,56976.950999999994
Colombia,CuraÁao,1104.437
Colombia,Aruba,18.609
Colombia,Norway,5889.079000000001
Colombia,Panama,2.3040000000000003
Colombia,Poland,62176.065
Colombia,Portugal,6041.982
Colombia,Romania,50.023999999999994
Colombia,Russian Federation,2969.4570000000003
Colombia,Saudi Arabia,2.7689999999999997
Colombia,Serbia,12888.265
Colombia,Slovakia,10645.128
Colombia,Slovenia,26818.822999999997
Colombia,Spain,10212.769
Colombia,Sweden,2445.42
Colombia,Switzerland,23112.256
Colombia,United Arab Emirates,0.28300000000000003
Colombia,Tunisia,53.717
Colombia,Turkey,895.2489999999999
Colombia,Ukraine,5189.206
Colombia,TFYR of Macedonia,15.210999999999999
Colombia,United Kingdom,147513.534
Colombia,USA,147229.719
Dem. Rep. of the Congo,Uganda,6.332999999999999
Costa Rica,Albania,56.986000000000004
Costa Rica,Azerbaijan,26.989
Costa Rica,Australia,7.082000000000001
Costa Rica,Austria,10250.007
Costa Rica,Armenia,691.2719999999999
Costa Rica,Belgium,207908.92
Costa Rica,Bermuda,214.597
Costa Rica,Bosnia Herzegovina,7447.159000000001
Costa Rica,Brazil,0.001
Costa Rica,Bulgaria,132.026
Costa Rica,Belarus,4620.192
Costa Rica,Canada,46109.317
Costa Rica,China,4431.16
Costa Rica,Croatia,2800.934
Costa Rica,Czechia,22775.979
Costa Rica,Denmark,2948.335
Costa Rica,El Salvador,12.042
Costa Rica,Estonia,4888.7609999999995
Costa Rica,Finland,47625.667
Costa Rica,France,28392.306
Costa Rica,Georgia,216.055
Costa Rica,Germany,152237.825
Costa Rica,Greece,17338.308
Costa Rica,Greenland,2.105
Costa Rica,Guatemala,74.038
Costa Rica,Honduras,95.179
Costa Rica,Iceland,403.55300000000005
Costa Rica,Iraq,566.04
Costa Rica,Ireland,20474.155
Costa Rica,Italy,98191.20599999999
Costa Rica,Jamaica,8.91
Costa Rica,Japan,964.796
Costa Rica,Kazakhstan,49.093
Costa Rica,Jordan,24.724
Costa Rica,Rep. of Korea,109.40299999999999
Costa Rica,Latvia,43.308
Costa Rica,Libya,1740.503
Costa Rica,Lithuania,4886.974
Costa Rica,Luxembourg,460.76199999999994
Costa Rica,Malta,475.29699999999997
Costa Rica,Rep. of Moldova,276.638
Costa Rica,Montenegro,790.694
Costa Rica,Morocco,2282.172
Costa Rica,Netherlands,109057.39
Costa Rica,CuraÁao,205.674
Costa Rica,Aruba,977.405
Costa Rica,Nicaragua,39.929
Costa Rica,Norway,22157.903
Costa Rica,Panama,1654.264
Costa Rica,Poland,21301.062
Costa Rica,Portugal,34620.961
Costa Rica,Qatar,32.525
Costa Rica,Russian Federation,12157.825
Costa Rica,Saudi Arabia,2056.384
Costa Rica,Serbia,14163.948999999999
Costa Rica,Slovakia,5783.691
Costa Rica,Slovenia,10812.132
Costa Rica,Spain,65699.59700000001
Costa Rica,Sweden,19392.517
Costa Rica,Switzerland,6367.939
Costa Rica,United Arab Emirates,479.009
Costa Rica,Tunisia,1784.691
Costa Rica,Turkey,6716.106
Costa Rica,Ukraine,37134.133
Costa Rica,United Kingdom,114600.144
Costa Rica,USA,429185.97799999994
Costa Rica,Uruguay,10.565999999999999
Costa Rica,Uzbekistan,8.693999999999999
Costa Rica,Venezuela,48.975
Croatia,Austria,0.004
Croatia,Bosnia Herzegovina,1.195
Croatia,Czechia,172.704
Croatia,Germany,1.044
Croatia,Hungary,144.347
Croatia,Italy,63.365
Croatia,Luxembourg,0.504
Croatia,Montenegro,0.16899999999999998
Croatia,Netherlands,2.984
Croatia,Romania,706.347
Croatia,Slovakia,12.331
Croatia,Slovenia,427.091
Croatia,Sweden,0.048
Cuba,Austria,0.214
Cuba,Germany,0.052000000000000005
Cuba,Switzerland,0.168
Cyprus,Bulgaria,61.239
Cyprus,France,52.297
Cyprus,Greece,52.913999999999994
Cyprus,Lithuania,74.62
Cyprus,Malta,236.033
Cyprus,Netherlands,0.353
Czechia,Austria,3.6639999999999997
Czechia,Armenia,0.008
Czechia,Belgium,413.154
Czechia,Bulgaria,4.705
Czechia,China,3.057
Czechia,Croatia,537.818
Czechia,Denmark,0.079
Czechia,France,132.797
Czechia,Germany,25.773000000000003
Czechia,Hungary,414.305
Czechia,Italy,0.586
Czechia,Latvia,89.898
Czechia,Lithuania,2.7769999999999997
Czechia,Maldives,0.046
Czechia,Netherlands,535.567
Czechia,Poland,2443.4139999999998
Czechia,Romania,12232.958999999999
Czechia,Slovakia,23842.611
Czechia,Slovenia,56.077
Czechia,Spain,2.227
Czechia,Switzerland,0.054000000000000006
Czechia,United Arab Emirates,6.632999999999999
Denmark,Austria,1.845
Denmark,Belgium,1.386
Denmark,Estonia,0.069
Denmark,Finland,2.947
Denmark,France,20.155
Denmark,Germany,32.455
Denmark,Greenland,26.212
Denmark,Iceland,2.004
Denmark,Ireland,0.474
Denmark,Lithuania,0.727
Denmark,Netherlands,13.32
Denmark,Norway,56.681999999999995
Denmark,Spain,0.022000000000000002
Denmark,Sweden,10574.846000000001
Denmark,United Kingdom,0.374
Dominica,Czechia,10.322000000000001
Dominica,France,0.5710000000000001
Dominica,Poland,7.278
Dominica,United Kingdom,140.421
Dominican Rep.,Austria,6008.165
Dominican Rep.,Belgium,37990.898
Dominican Rep.,Bosnia Herzegovina,0.405
Dominican Rep.,Br. Virgin Isds,2.658
Dominican Rep.,Belarus,78.509
Dominican Rep.,Canada,11.632
Dominican Rep.,China,0.098
Dominican Rep.,Czechia,839.313
Dominican Rep.,Denmark,7209.428000000001
Dominican Rep.,Finland,194.273
Dominican Rep.,France,58374.28599999999
Dominican Rep.,Germany,47593.776
Dominican Rep.,Greenland,8.129
Dominican Rep.,Haiti,3684.6490000000003
Dominican Rep.,Honduras,0.083
Dominican Rep.,Iceland,9.933
Dominican Rep.,Ireland,8587.747
Dominican Rep.,Italy,3478.8720000000003
Dominican Rep.,Jamaica,58.832
Dominican Rep.,Kuwait,4.774
Dominican Rep.,Luxembourg,1004.888
Dominican Rep.,Malta,16.581
Dominican Rep.,Morocco,9.81
Dominican Rep.,Netherlands,22760.326
Dominican Rep.,CuraÁao,0.063
Dominican Rep.,Aruba,0.02
Dominican Rep.,Norway,3455.369
Dominican Rep.,Poland,2893.93
Dominican Rep.,Portugal,453.23900000000003
Dominican Rep.,Russian Federation,0.6579999999999999
Dominican Rep.,Sao Tome and Principe,2.2119999999999997
Dominican Rep.,Serbia,6.4110000000000005
Dominican Rep.,Slovakia,38.606
Dominican Rep.,Slovenia,18.026
Dominican Rep.,Spain,541.925
Dominican Rep.,Sweden,18208.367
Dominican Rep.,Switzerland,7115.925
Dominican Rep.,Trinidad and Tobago,409.533
Dominican Rep.,United Arab Emirates,1.228
Dominican Rep.,Turkey,9.607999999999999
Dominican Rep.,Turks and Caicos Isds,17.913
Dominican Rep.,Ukraine,10.859000000000002
Dominican Rep.,United Kingdom,111405.293
Dominican Rep.,USA,1859.849
Ecuador,Albania,15388.396999999999
Ecuador,Algeria,30127.842
Ecuador,Azerbaijan,8917.83
Ecuador,Argentina,141868.014
Ecuador,Australia,17.135
Ecuador,Austria,37492.887
Ecuador,Bahrain,303.64
Ecuador,Armenia,5406.731
Ecuador,Belgium,141152.456
Ecuador,Bosnia Herzegovina,10936.667
Ecuador,Brazil,215.101
Ecuador,Bulgaria,22905.904
Ecuador,Belarus,10004.261999999999
Ecuador,Canada,12008.839
Ecuador,Chile,84553.06
Ecuador,China,128772.13900000001
Ecuador,Colombia,356.519
Ecuador,Congo,13.77
Ecuador,Croatia,11797.228000000001
Ecuador,Cyprus,1507.0179999999998
Ecuador,Czechia,19397.18
Ecuador,Denmark,1604.306
Ecuador,Estonia,6419.045
Ecuador,Finland,6136.225
Ecuador,France,13470.193000000001
Ecuador,Georgia,18464.604
Ecuador,Germany,240063.15899999999
Ecuador,Greece,107985.57800000001
Ecuador,Guatemala,0.951
Ecuador,China,4137.137
Ecuador,Iceland,2374.195
Ecuador,Iran,33235.629
Ecuador,Iraq,48803.315
Ecuador,Ireland,82.818
Ecuador,Italy,220686.107
Ecuador,Japan,64304.484000000004
Ecuador,Kazakhstan,4575.942
Ecuador,Jordan,3302.737
Ecuador,Kenya,8.145
Ecuador,Rep. of Korea,24855.702999999998
Ecuador,Kuwait,41919.538
Ecuador,Kyrgyzstan,370.341
Ecuador,Lebanon,1062.278
Ecuador,Latvia,481.36800000000005
Ecuador,Libya,2632.1820000000002
Ecuador,Lithuania,13827.604
Ecuador,Luxembourg,484.333
Ecuador,China,0.023
Ecuador,Malaysia,22.660999999999998
Ecuador,Malta,2051.904
Ecuador,Mexico,18.774
Ecuador,Mongolia,318.26099999999997
Ecuador,Rep. of Moldova,4946.778
Ecuador,Montenegro,6102.5109999999995
Ecuador,Morocco,6917.352
Ecuador,Oman,1137.751
Ecuador,Netherlands,82875.02
Ecuador,New Zealand,38655.339
Ecuador,Norway,15261.325
Ecuador,Panama,24.534000000000002
Ecuador,Poland,53221.342000000004
Ecuador,Portugal,4683.748
Ecuador,Qatar,4169.59
Ecuador,Romania,1517.951
Ecuador,Russian Federation,686655.9670000001
Ecuador,Saudi Arabia,85351.08
Ecuador,Serbia,17411.166
Ecuador,Singapore,1950.442
Ecuador,Slovakia,12342.31
Ecuador,Slovenia,23901.62
Ecuador,South Africa,3362.673
Ecuador,Spain,5419.0419999999995
Ecuador,Sweden,63238.97
Ecuador,Switzerland,14833.698
Ecuador,Syria,48.06
Ecuador,Tajikistan,568.79
Ecuador,United Arab Emirates,46500.155
Ecuador,Tunisia,17953.625
Ecuador,Turkey,129182.873
Ecuador,Ukraine,52748.237
Ecuador,TFYR of Macedonia,67.469
Ecuador,Egypt,2200.134
Ecuador,United Kingdom,61844.587999999996
Ecuador,USA,365694.107
Ecuador,Uruguay,10496.771
Ecuador,Uzbekistan,5837.209
El Salvador,Costa Rica,0.032
El Salvador,Guatemala,0.26
Ethiopia,Austria,0.121
Ethiopia,Djibouti,492.30800000000005
Ethiopia,Maldives,2.822
Ethiopia,Saudi Arabia,2.412
Ethiopia,Somalia,410.277
Ethiopia,Switzerland,0.557
Estonia,Finland,14.822000000000001
Estonia,Latvia,105.943
Estonia,Netherlands,0.528
Estonia,Norway,2.97
Estonia,Portugal,42.229
Estonia,Sweden,0.12
Fiji,Australia,3.285
Fiji,Canada,0.006999999999999999
Fiji,Cook Isds,2.42
Fiji,Nauru,0.11800000000000001
Fiji,Tuvalu,0.002
Finland,Austria,15.241
Finland,Denmark,15.388
Finland,Estonia,3561.652
Finland,France,173.46
Finland,Netherlands,15.224
Finland,Spain,154.532
Finland,Sweden,34.659
France,Algeria,206.48
France,Antigua and Barbuda,0.109
France,Austria,341.324
France,Bahamas,0.33299999999999996
France,Armenia,0.015
France,Belgium,6092.934
France,Brazil,9.545
France,Canada,0.511
France,China,202.764
France,Congo,1.8090000000000002
France,Czechia,8899.4
France,Denmark,0.958
France,Dominican Rep.,0.046
France,Estonia,4.627
France,Finland,1.661
France,Germany,1181.737
France,Ghana,277.668
France,Greece,0.03
France,Guinea,0.261
France,China,9.204
France,Hungary,12460.428
France,Ireland,20.859
France,Italy,13866.94
France,CÙte d'Ivoire,0.109
France,Japan,2.3930000000000002
France,Rep. of Korea,0.005
France,Kuwait,8.238999999999999
France,Lebanon,0.161
France,Latvia,665.327
France,Lithuania,2057.709
France,Luxembourg,230.73
France,China,0.005
France,Malawi,8.453
France,Maldives,0.752
France,Malta,0.185
France,Mauritius,0.09
France,Montenegro,682.8539999999999
France,Morocco,10.892000000000001
France,Oman,15.622
France,Netherlands,1142.178
France,Saint Maarten,65.632
France,Norway,0.385
France,Poland,1577.3829999999998
France,Portugal,905.5360000000001
France,Romania,15458.396999999999
France,Russian Federation,32.849000000000004
France,Saint BarthÈlemy,0.009000000000000001
France,Serbia,5.379
France,Seychelles,4.555
France,Slovakia,483.814
France,Viet Nam,63.37
France,Slovenia,443.265
France,Spain,31576.847
France,Sweden,5.712000000000001
France,Switzerland,25.162
France,Togo,0.07200000000000001
France,United Arab Emirates,47.306000000000004
France,Turkey,119.385
France,United Kingdom,4070.986
French Polynesia,France,0.185
Georgia,Azerbaijan,136.44299999999998
Georgia,Armenia,1551.308
Georgia,Iraq,154.38
Georgia,Russian Federation,1.041
Germany,Austria,13417.673
Germany,Bahamas,0.022000000000000002
Germany,Armenia,0.146
Germany,Belgium,12559.562
Germany,Bulgaria,5.505
Germany,Croatia,1.449
Germany,Cyprus,1.36
Germany,Czechia,22021.971
Germany,Denmark,45684.962999999996
Germany,Estonia,5.685
Germany,Finland,12560.181
Germany,France,3504.0290000000005
Germany,Georgia,0.235
Germany,Greece,3.946
Germany,Guatemala,0.087
Germany,Hungary,1780.616
Germany,Iceland,4.381
Germany,Ireland,297.365
Germany,Italy,1330.65
Germany,Rep. of Korea,0.01
Germany,Kuwait,0.29
Germany,Latvia,601.179
Germany,Lithuania,856.9760000000001
Germany,Luxembourg,140.659
Germany,Maldives,3.767
Germany,Malta,0.623
Germany,Mongolia,0.867
Germany,Netherlands,52933.916
Germany,New Zealand,5.487
Germany,Norway,2.781
Germany,Poland,9965.708
Germany,Portugal,15.812999999999999
Germany,Romania,3816.7540000000004
Germany,Russian Federation,30.089000000000002
Germany,Saudi Arabia,13.36
Germany,India,2.26
Germany,Slovakia,9537.774
Germany,Slovenia,13.847999999999999
Germany,South Africa,1.9969999999999999
Germany,Spain,37.274
Germany,Sweden,9698.271
Germany,Switzerland,868.562
Germany,Turkey,2.187
Germany,Ukraine,0.711
Germany,United Kingdom,2674.119
Ghana,Austria,0.461
Ghana,Bahamas,0.605
Ghana,Belgium,18286.057
Ghana,Bosnia Herzegovina,0.193
Ghana,Bulgaria,280.175
Ghana,Canada,2.501
Ghana,Czechia,1186.763
Ghana,Benin,29.016
Ghana,Estonia,9.193
Ghana,France,30379.236
Ghana,Germany,0.932
Ghana,Greece,205.65900000000002
Ghana,Ireland,1.571
Ghana,Italy,124.01299999999999
Ghana,Kuwait,382.75
Ghana,Lebanon,17.601
Ghana,Morocco,37.062
Ghana,Oman,9.359
Ghana,Niger,0.511
Ghana,Poland,72.291
Ghana,Portugal,0.059000000000000004
Ghana,Saudi Arabia,394.046
Ghana,Senegal,2260.234
Ghana,Slovakia,726.7769999999999
Ghana,Slovenia,47.312
Ghana,South Africa,1.2570000000000001
Ghana,Spain,8372.277
Ghana,Sweden,0.21100000000000002
Ghana,Switzerland,7.426
Ghana,United Arab Emirates,19.659000000000002
Ghana,United Kingdom,24560.415
Ghana,Burkina Faso,342.144
Greece,Albania,5.026
Greece,Austria,0.693
Greece,Belgium,0.23399999999999999
Greece,Bulgaria,871.6060000000001
Greece,Cyprus,2934.633
Greece,France,0.467
Greece,Georgia,2.1430000000000002
Greece,Germany,3.076
Greece,Hungary,16.289
Greece,Italy,20.26
Greece,Lithuania,0.017
Greece,Malta,1.014
Greece,Netherlands,0.071
Greece,Norway,0.121
Greece,Romania,15030.8
Greece,Serbia,0.25
Greece,Slovakia,97.522
Greece,Spain,2.0580000000000003
Greece,Sweden,0.106
Greece,Switzerland,0.057
Greece,TFYR of Macedonia,0.151
Greece,United Kingdom,739.8989999999999
Grenada,Canada,0.273
Guam,France,2.835
Guam,Slovakia,1.141
Guatemala,Algeria,15.020999999999999
Guatemala,Australia,15.325
Guatemala,Austria,356.213
Guatemala,Belgium,4373.871
Guatemala,Bosnia Herzegovina,1219.958
Guatemala,Belarus,838.315
Guatemala,Canada,34148.797999999995
Guatemala,Chile,0.016
Guatemala,Czechia,2925.86
Guatemala,El Salvador,2294.658
Guatemala,Estonia,55.549
Guatemala,Finland,1099.742
Guatemala,France,1252.263
Guatemala,Germany,12477.385
Guatemala,Honduras,901.2710000000001
Guatemala,China,228.54
Guatemala,Ireland,154.185
Guatemala,Italy,26304.338
Guatemala,Japan,4324.277
Guatemala,Rep. of Korea,11357.19
Guatemala,Lithuania,743.8
Guatemala,Luxembourg,278.622
Guatemala,Mexico,155.524
Guatemala,Montenegro,10.08
Guatemala,Netherlands,20211.547
Guatemala,Nicaragua,12.534
Guatemala,Norway,15.152000000000001
Guatemala,Poland,5166.292
Guatemala,Portugal,102.36200000000001
Guatemala,Russian Federation,7139.013000000001
Guatemala,Saudi Arabia,0.009000000000000001
Guatemala,Serbia,2420.636
Guatemala,Slovakia,521.635
Guatemala,Slovenia,211.627
Guatemala,Spain,424.30400000000003
Guatemala,Sweden,248.66299999999998
Guatemala,Switzerland,100.8
Guatemala,Ukraine,411.265
Guatemala,United Kingdom,9562.76
Guatemala,USA,805349.5809999999
Haiti,Canada,0.317
Honduras,Austria,0.01
Honduras,Belgium,271.074
Honduras,Bosnia Herzegovina,209.476
Honduras,Belarus,643.755
Honduras,Canada,22977.551
Honduras,Costa Rica,14.557
Honduras,Czechia,1149.046
Honduras,El Salvador,855.923
Honduras,Finland,13.485
Honduras,France,193.06900000000002
Honduras,Germany,140.946
Honduras,Guatemala,163.86
Honduras,Ireland,2382.705
Honduras,Italy,9.583
Honduras,Lithuania,86.656
Honduras,Netherlands,11616.466
Honduras,Poland,563.0740000000001
Honduras,Russian Federation,23.795
Honduras,Serbia,372.838
Honduras,Slovakia,184.22
Honduras,Slovenia,35.448
Honduras,Sweden,138.22899999999998
Honduras,Ukraine,2110.646
Honduras,United Kingdom,1005.687
Honduras,USA,264201.498
China,China,186.827
China,China,1343.194
Hungary,Austria,6.705
Hungary,Croatia,1335.2479999999998
Hungary,Netherlands,31.704
Hungary,Romania,5349.566
Hungary,Slovakia,50.013000000000005
Hungary,Ukraine,10.936
Iceland,Greenland,11.149000000000001
Iceland,Ireland,52.498999999999995
Indonesia,Australia,2.5140000000000002
Indonesia,Canada,0.598
Indonesia,China,7191.063
Indonesia,Denmark,0.071
Indonesia,Germany,7.0760000000000005
Indonesia,China,8.256
Indonesia,Japan,1528.149
Indonesia,Rep. of Korea,763.367
Indonesia,Kuwait,323.42
Indonesia,Malaysia,75.57300000000001
Indonesia,Maldives,0.038
Indonesia,Other Asia,1.27
Indonesia,Oman,320.58299999999997
Indonesia,Netherlands,4.743
Indonesia,New Zealand,5.955
Indonesia,Qatar,8.959
Indonesia,Singapore,719.204
Indonesia,Switzerland,0.9990000000000001
Indonesia,United Arab Emirates,796.99
Indonesia,United Kingdom,1.485
Indonesia,USA,0.133
Iran,Canada,1.278
Iran,Russian Federation,0.44799999999999995
Iran,Sweden,0.317
Iran,Switzerland,1.403
Iran,United Arab Emirates,0.369
Ireland,Croatia,5.269
Ireland,France,71.673
Ireland,Georgia,0.061
Ireland,Gibraltar,0.196
Ireland,Netherlands,17.288
Ireland,Spain,0.261
Ireland,United Kingdom,15770.787
Israel,Norway,1.821
Israel,Switzerland,1.5030000000000001
Italy,Austria,243.856
Italy,Belgium,213.75400000000002
Italy,Bosnia Herzegovina,1.349
Italy,Bulgaria,39.413000000000004
Italy,China,0.083
Italy,Croatia,4934.024
Italy,Cyprus,86.96
Italy,Czechia,163.011
Italy,Denmark,3.467
Italy,Estonia,3.42
Italy,France,16308.082
Italy,Germany,1546.0220000000002
Italy,Greece,2759.545
Italy,Hungary,1382.75
Italy,Ireland,0.057
Italy,Latvia,3.0439999999999996
Italy,Lithuania,0.7390000000000001
Italy,Luxembourg,10.019
Italy,Malta,1468.779
Italy,Netherlands,46.357
Italy,Poland,474.434
Italy,Portugal,1403.546
Italy,Romania,1601.2060000000001
Italy,Slovakia,52.376999999999995
Italy,Slovenia,1252.5
Italy,Spain,990.947
Italy,Switzerland,53.231
Italy,Egypt,0.07400000000000001
Italy,United Kingdom,483.414
CÙte d'Ivoire,Austria,3.197
CÙte d'Ivoire,Belgium,79871.257
CÙte d'Ivoire,Canada,2.511
CÙte d'Ivoire,Czechia,7505.126
CÙte d'Ivoire,Estonia,1202.771
CÙte d'Ivoire,France,145755.96300000002
CÙte d'Ivoire,Georgia,0.518
CÙte d'Ivoire,Gambia,9693.119
CÙte d'Ivoire,Germany,799.702
CÙte d'Ivoire,Guinea,0.075
CÙte d'Ivoire,Ireland,818.2860000000001
CÙte d'Ivoire,Italy,206.93400000000003
CÙte d'Ivoire,Luxembourg,7.0329999999999995
CÙte d'Ivoire,Mali,3408.54
CÙte d'Ivoire,Mauritania,4411.264
CÙte d'Ivoire,Morocco,298.622
CÙte d'Ivoire,Niger,705.987
CÙte d'Ivoire,Norway,2.166
CÙte d'Ivoire,Poland,3383.8909999999996
CÙte d'Ivoire,Senegal,13681.069
CÙte d'Ivoire,Slovakia,6733.0
CÙte d'Ivoire,Slovenia,115.51
CÙte d'Ivoire,South Africa,60.797
CÙte d'Ivoire,Spain,36326.076
CÙte d'Ivoire,Switzerland,46.387
CÙte d'Ivoire,United Kingdom,33144.744
CÙte d'Ivoire,Burkina Faso,156.179
Jamaica,Bahamas,0.015
Jamaica,Bermuda,0.85
Jamaica,Canada,265.531
Jamaica,Cayman Isds,202.755
Jamaica,Netherlands,0.051
Jamaica,Saint Vincent and the Grenadines,0.619
Jamaica,Switzerland,0.034
Jamaica,Trinidad and Tobago,148.97
Jamaica,United Kingdom,2.031
Jamaica,USA,3.321
Japan,Bahamas,0.045
Japan,China,0.055999999999999994
Japan,China,4.346
Japan,Singapore,4.426
Kazakhstan,Kyrgyzstan,78.868
Jordan,Oman,21.125999999999998
Jordan,Saudi Arabia,35.659
Jordan,Sudan,84.507
Jordan,Sweden,11.327
Kenya,Bahrain,0.046
Kenya,Germany,0.09300000000000001
Kenya,Luxembourg,0.20800000000000002
Kenya,Netherlands,0.247
Kenya,Norway,7.531000000000001
Kenya,Poland,0.218
Kenya,Saudi Arabia,0.018000000000000002
Kenya,Serbia,0.042
Kenya,Seychelles,0.127
Kenya,Singapore,0.043
Kenya,Somalia,6.774
Kenya,Switzerland,0.228
Kenya,United Arab Emirates,0.382
Kenya,United Kingdom,2.904
Rep. of Korea,China,1.9780000000000002
Rep. of Korea,Japan,50.78
Rep. of Korea,Mongolia,2.339
Rep. of Korea,Switzerland,3.0469999999999997
Kuwait,France,1.993
Kuwait,Iran,7.9
Kuwait,Iraq,30775.007
Kuwait,Jordan,90.083
Kuwait,Qatar,24.318
Kuwait,Saudi Arabia,414.279
Kyrgyzstan,Kazakhstan,0.17300000000000001
Kyrgyzstan,Uzbekistan,18.56
Lao People's Dem. Rep.,China,18.799
Lao People's Dem. Rep.,Viet Nam,8793.683
Lao People's Dem. Rep.,Thailand,299.48400000000004
Lebanon,Bahrain,0.113
Lebanon,Guinea,0.165
Lebanon,Jordan,103.51299999999999
Lebanon,Kuwait,1.4980000000000002
Lebanon,Qatar,2.012
Lebanon,Saudi Arabia,2.093
Lebanon,Syria,21394.967
Lebanon,United Arab Emirates,7.306
Latvia,Denmark,0.027999999999999997
Latvia,Estonia,3451.2209999999995
Latvia,Finland,0.013999999999999999
Latvia,Lithuania,4285.657
Latvia,Netherlands,78.22800000000001
Latvia,Poland,78.05
Latvia,United Kingdom,0.013999999999999999
Lithuania,Belarus,354.55800000000005
Lithuania,Denmark,0.225
Lithuania,Estonia,473.836
Lithuania,Finland,2.9539999999999997
Lithuania,France,66.376
Lithuania,Hungary,13.838
Lithuania,Ireland,0.46799999999999997
Lithuania,Italy,35.321
Lithuania,Latvia,9386.359
Lithuania,Rep. of Moldova,0.115
Lithuania,Netherlands,17.604
Lithuania,Norway,0.004
Lithuania,Poland,83.52
Lithuania,Romania,726.2689999999999
Lithuania,Russian Federation,22.846999999999998
Lithuania,Sweden,0.157
Lithuania,United Kingdom,0.036000000000000004
Luxembourg,Azerbaijan,0.457
Luxembourg,Belgium,116.288
Luxembourg,France,33.464
Luxembourg,Germany,120.609
Luxembourg,Lebanon,0.16
Luxembourg,Netherlands,21.06
Luxembourg,Niger,3.13
Madagascar,Comoros,1.815
Madagascar,Czechia,41.528
Madagascar,France,25.021
Madagascar,Italy,3.065
Madagascar,Japan,3.178
Madagascar,Mauritius,2.48
Madagascar,Switzerland,0.40299999999999997
Malawi,South Africa,0.151
Malawi,Zimbabwe,0.292
Malaysia,Brunei Darussalam,713.502
Malaysia,Canada,0.01
Malaysia,China,12.815
Malaysia,Kuwait,0.9359999999999999
Malaysia,Maldives,16.327
Malaysia,Oman,0.226
Malaysia,Qatar,0.07200000000000001
Malaysia,Singapore,8688.46
Malaysia,United Kingdom,0.584
Mali,Mauritania,3.728
Malta,Netherlands,0.297
Malta,Spain,7.347
Mauritius,Ukraine,0.016
Mexico,Albania,398.371
Mexico,Austria,89.874
Mexico,Belgium,992.763
Mexico,Bosnia Herzegovina,1427.271
Mexico,Belarus,1055.53
Mexico,Canada,13989.108999999999
Mexico,Costa Rica,0.06
Mexico,Czechia,486.01
Mexico,Estonia,7.029
Mexico,France,634.756
Mexico,Georgia,149.857
Mexico,Germany,193.424
Mexico,Greece,28.445999999999998
Mexico,Guatemala,1.245
Mexico,Israel,22.833000000000002
Mexico,Italy,6619.691
Mexico,Japan,23014.879
Mexico,Kazakhstan,11.415
Mexico,Rep. of Korea,7562.303000000001
Mexico,Malta,14.042
Mexico,Rep. of Moldova,83.61200000000001
Mexico,Montenegro,114.51100000000001
Mexico,Morocco,63.281000000000006
Mexico,Netherlands,6183.0419999999995
Mexico,New Zealand,8748.586
Mexico,Norway,173.64700000000002
Mexico,Poland,867.1030000000001
Mexico,Portugal,434.954
Mexico,Qatar,13.249
Mexico,Russian Federation,7927.352
Mexico,Serbia,2752.7140000000004
Mexico,Singapore,1195.336
Mexico,Slovakia,3024.715
Mexico,Slovenia,13.841
Mexico,Spain,5354.130999999999
Mexico,Switzerland,4205.299
Mexico,United Arab Emirates,0.821
Mexico,Ukraine,8290.718
Mexico,United Kingdom,4721.98
Mexico,USA,232883.745
Other Asia,China,48.896
Other Asia,China,1.359
Other Asia,Japan,2497.426
Other Asia,China,0.14800000000000002
Other Asia,Palau,0.20600000000000002
Other Asia,Singapore,0.598
Other Asia,United Arab Emirates,16.182000000000002
Other Asia,United Kingdom,7.497999999999999
Montenegro,Bosnia Herzegovina,30.654
Montenegro,France,3.4019999999999997
Morocco,Mauritania,83.47399999999999
Morocco,Spain,29.266
Morocco,Switzerland,0.33899999999999997
Mozambique,France,70.192
Mozambique,Liberia,0.23
Mozambique,Malawi,4.667
Mozambique,Saudi Arabia,304.899
Mozambique,Singapore,0.205
Mozambique,South Africa,24287.741
Mozambique,Swaziland,236.34
Mozambique,Switzerland,14.582
Oman,Austria,1.516
Oman,Bahrain,0.29100000000000004
Oman,China,0.624
Oman,Germany,1.344
Oman,Greece,1.895
Oman,Iran,2.1790000000000003
Oman,Italy,2.715
Oman,Japan,0.085
Oman,Jordan,232.71
Oman,Kuwait,1.097
Oman,Netherlands,0.423
Oman,Philippines,0.247
Oman,Qatar,123.81700000000001
Oman,Saudi Arabia,75.084
Oman,India,16.868
Oman,Singapore,0.262
Oman,Switzerland,0.111
Oman,United Arab Emirates,6.517
Oman,Egypt,0.026000000000000002
Oman,USA,0.84
Namibia,Angola,0.040999999999999995
Netherlands,Albania,13.258
Netherlands,Antigua and Barbuda,0.035
Netherlands,Azerbaijan,0.17300000000000001
Netherlands,Australia,0.036000000000000004
Netherlands,Austria,6489.014
Netherlands,Belgium,73204.25099999999
Netherlands,Bosnia Herzegovina,42.748000000000005
Netherlands,Bulgaria,108.03200000000001
Netherlands,Belarus,9.04
Netherlands,China,15.133
Netherlands,Costa Rica,108.47
Netherlands,Croatia,5419.776
Netherlands,Cyprus,192.453
Netherlands,Czechia,11084.312
Netherlands,Denmark,20513.791
Netherlands,Estonia,48.145
Netherlands,Finland,696.937
Netherlands,France,9362.763
Netherlands,Georgia,4.978
Netherlands,Germany,28117.752999999997
Netherlands,Gibraltar,0.139
Netherlands,Greece,5.984
Netherlands,China,0.011000000000000001
Netherlands,Hungary,1007.3919999999999
Netherlands,Iceland,1.379
Netherlands,Iran,222.57
Netherlands,Iraq,1.304
Netherlands,Ireland,196.88400000000001
Netherlands,Italy,5685.57
Netherlands,Kazakhstan,0.28300000000000003
Netherlands,Kenya,15.681
Netherlands,Kuwait,25.593000000000004
Netherlands,Lebanon,2.349
Netherlands,Latvia,1905.4129999999998
Netherlands,Lithuania,598.738
Netherlands,Luxembourg,44.638000000000005
Netherlands,Malaysia,18.587
Netherlands,Maldives,3.015
Netherlands,Malta,56.36
Netherlands,Rep. of Moldova,31.566
Netherlands,Oman,0.155
Netherlands,New Zealand,4.851
Netherlands,Norway,253.803
Netherlands,Poland,9662.768
Netherlands,Portugal,248.546
Netherlands,Romania,8548.367
Netherlands,Saint Lucia,8.265
Netherlands,Saudi Arabia,1.213
Netherlands,Serbia,126.584
Netherlands,Singapore,0.6579999999999999
Netherlands,Slovakia,1495.736
Netherlands,Slovenia,55.611999999999995
Netherlands,South Africa,28.764
Netherlands,Spain,1818.665
Netherlands,Sweden,12467.792
Netherlands,Switzerland,47.726000000000006
Netherlands,United Arab Emirates,0.184
Netherlands,Tunisia,1.474
Netherlands,Turkey,12.37
Netherlands,Ukraine,27.149
Netherlands,United Kingdom,6512.276
Netherlands,USA,13.933
New Zealand,Chile,0.11
New Zealand,Cook Isds,0.151
New Zealand,Fiji,4.5889999999999995
New Zealand,French Polynesia,7.513
New Zealand,China,49.735
New Zealand,Vanuatu,0.062
New Zealand,Norfolk Isds,0.048
New Zealand,Palau,0.32799999999999996
New Zealand,Papua New Guinea,0.022000000000000002
New Zealand,Singapore,4.6930000000000005
New Zealand,Spain,938.815
New Zealand,Tonga,36.468
New Zealand,USA,1.66
Nicaragua,Austria,449.48400000000004
Nicaragua,Belgium,198.40599999999998
Nicaragua,Bosnia Herzegovina,26.289
Nicaragua,Belarus,12.25
Nicaragua,Canada,80.76100000000001
Nicaragua,Costa Rica,0.623
Nicaragua,Czechia,3724.887
Nicaragua,El Salvador,1389.434
Nicaragua,France,13.071
Nicaragua,Germany,24138.656000000003
Nicaragua,Greece,11.248
Nicaragua,Honduras,56.108999999999995
Nicaragua,Ireland,429.418
Nicaragua,Rep. of Korea,0.002
Nicaragua,Rep. of Moldova,45.14
Nicaragua,Netherlands,7802.7480000000005
Nicaragua,Norway,11.925999999999998
Nicaragua,Poland,1667.912
Nicaragua,Russian Federation,0.008
Nicaragua,Slovakia,2112.776
Nicaragua,Sweden,235.447
Nicaragua,Switzerland,1581.53
Nicaragua,Ukraine,1208.5810000000001
Nicaragua,United Kingdom,3051.998
Nicaragua,USA,7280.106
Niger,Georgia,0.023
Nigeria,Belgium,0.047
Nigeria,Burundi,0.009000000000000001
Nigeria,Georgia,0.11199999999999999
Nigeria,Luxembourg,0.322
Nigeria,Netherlands,69.717
Nigeria,Niger,3.338
Nigeria,Norway,0.311
Nigeria,South Africa,0.418
Nigeria,United Arab Emirates,0.638
Nigeria,Egypt,1.092
Norway,Iceland,0.077
Norway,Namibia,0.14300000000000002
Pakistan,Afghanistan,21454.371
Pakistan,Austria,1.058
Pakistan,Bahrain,0.591
Pakistan,Germany,49.376000000000005
Pakistan,Kuwait,0.35700000000000004
Pakistan,Slovenia,0.027999999999999997
Pakistan,United Arab Emirates,1.567
Pakistan,United Kingdom,4.082
Pakistan,Uzbekistan,11.940999999999999
Panama,Austria,2846.3
Panama,Belgium,20.593000000000004
Panama,Bosnia Herzegovina,221.30700000000002
Panama,Belarus,2077.87
Panama,Czechia,9077.604
Panama,Estonia,858.572
Panama,Finland,16151.096000000001
Panama,France,1454.754
Panama,Georgia,14.731
Panama,Germany,8781.056999999999
Panama,Greece,75.922
Panama,Greenland,0.606
Panama,Guatemala,0.5539999999999999
Panama,Iceland,118.103
Panama,Ireland,735.677
Panama,Italy,3397.958
Panama,Kazakhstan,152.119
Panama,Lithuania,0.201
Panama,Luxembourg,1252.105
Panama,Rep. of Moldova,30.186999999999998
Panama,Netherlands,210434.807
Panama,New Zealand,514.653
Panama,Norway,899.783
Panama,Poland,4380.602
Panama,Russian Federation,156.914
Panama,Serbia,683.437
Panama,Slovakia,1358.4389999999999
Panama,Slovenia,0.385
Panama,Sweden,10348.552
Panama,Switzerland,12339.034
Panama,Turkey,653.3380000000001
Panama,Ukraine,4477.504
Panama,United Kingdom,14252.45
Panama,USA,1269.896
Paraguay,Argentina,8114.904
Peru,Afghanistan,12.288
Peru,Austria,10793.524
Peru,Belgium,15973.538
Peru,Bosnia Herzegovina,20.409000000000002
Peru,Brazil,0.263
Peru,Belarus,110.809
Peru,Canada,2136.053
Peru,Chile,215.36900000000003
Peru,China,4.463
Peru,Colombia,56.051
Peru,Costa Rica,7.9879999999999995
Peru,Czechia,16.259
Peru,Estonia,3.608
Peru,Finland,7214.601
Peru,France,519.258
Peru,Germany,23570.11
Peru,China,4.33
Peru,Italy,3594.136
Peru,Japan,4708.293
Peru,Rep. of Korea,12456.478000000001
Peru,Luxembourg,786.375
Peru,Mexico,483.976
Peru,Netherlands,55627.34099999999
Peru,Aruba,0.015
Peru,Norway,26.006999999999998
Peru,Panama,6308.0019999999995
Peru,Poland,377.53
Peru,Portugal,250.183
Peru,Serbia,1.956
Peru,Slovakia,59.443000000000005
Peru,Slovenia,278.844
Peru,Spain,109.027
Peru,Switzerland,6747.460999999999
Peru,United Kingdom,2803.5679999999998
Peru,USA,47546.097
Philippines,Australia,21.988000000000003
Philippines,Austria,70.393
Philippines,Bahrain,804.695
Philippines,Belgium,74.46
Philippines,Brazil,225.132
Philippines,Brunei Darussalam,62.73
Philippines,Canada,406.301
Philippines,Chile,87.741
Philippines,China,597651.5160000001
Philippines,Costa Rica,21.339000000000002
Philippines,Croatia,44.4
Philippines,Czechia,19.817
Philippines,El Salvador,9.925
Philippines,Estonia,21.936999999999998
Philippines,Finland,0.023
Philippines,France,110.133
Philippines,Germany,204.859
Philippines,Greenland,0.183
Philippines,Guam,143.314
Philippines,China,44835.185
Philippines,Iceland,1.983
Philippines,Iran,48602.787000000004
Philippines,Iraq,11660.41
Philippines,Italy,16.127
Philippines,Japan,768954.4770000001
Philippines,Jordan,65.34100000000001
Philippines,Rep. of Korea,279795.863
Philippines,Kuwait,22308.71
Philippines,Lebanon,0.152
Philippines,Luxembourg,1.5590000000000002
Philippines,China,2678.719
Philippines,Malawi,0.062
Philippines,Malaysia,6806.268
Philippines,Mongolia,1733.092
Philippines,Montenegro,3.6689999999999996
Philippines,Morocco,35.982
Philippines,Oman,2765.525
Philippines,Netherlands,2.9989999999999997
Philippines,New Zealand,8911.009
Philippines,Norway,39.129
Philippines,N. Mariana Isds,217.343
Philippines,Palau,0.006999999999999999
Philippines,Qatar,133.555
Philippines,Russian Federation,1154.9560000000001
Philippines,Saudi Arabia,79504.51
Philippines,Seychelles,0.963
Philippines,Singapore,16704.471
Philippines,Slovakia,1.1059999999999999
Philippines,Slovenia,3.036
Philippines,South Africa,2.371
Philippines,Sweden,85.081
Philippines,Switzerland,10.117
Philippines,Thailand,0.028999999999999998
Philippines,United Arab Emirates,42629.914000000004
Philippines,Tunisia,3.927
Philippines,Turkey,21.43
Philippines,Ukraine,7.67
Philippines,United Kingdom,183.862
Philippines,USA,3746.565
Pitcairn,New Zealand,0.021
Poland,Austria,56.83
Poland,Belgium,24.932
Poland,Bulgaria,17.090999999999998
Poland,Croatia,331.54400000000004
Poland,Czechia,6020.496999999999
Poland,Denmark,0.215
Poland,Estonia,33.789
Poland,France,20.706999999999997
Poland,Germany,818.8530000000001
Poland,Hungary,272.163
Poland,Ireland,2.861
Poland,Italy,2.0869999999999997
Poland,Rep. of Korea,0.015
Poland,Latvia,10923.698999999999
Poland,Lithuania,6131.766
Poland,Netherlands,463.449
Poland,Norway,0.20800000000000002
Poland,Romania,27947.801
Poland,Slovakia,3767.12
Poland,Slovenia,163.08700000000002
Poland,Sweden,12.919
Poland,Switzerland,0.079
Poland,Ukraine,1.954
Poland,United Kingdom,10.902999999999999
Portugal,Angola,0.92
Portugal,Belgium,10.386
Portugal,Canada,0.105
Portugal,Cabo Verde,2.802
Portugal,France,42.629
Portugal,Germany,13.159
Portugal,Italy,305.64
Portugal,Luxembourg,21.534000000000002
Portugal,Mozambique,0.015
Portugal,Netherlands,1.867
Portugal,Guinea-Bissau,0.087
Portugal,Spain,4054.51
Portugal,Switzerland,5.676
Portugal,United Kingdom,6.0489999999999995
Romania,Bulgaria,5.9
Romania,Czechia,16.055999999999997
Romania,France,37.327
Romania,Germany,8.982999999999999
Romania,Hungary,141.204
Romania,Ireland,457.73800000000006
Romania,Rep. of Korea,0.001
Romania,Netherlands,12.109000000000002
Romania,Spain,9.465
Romania,United Kingdom,0.013000000000000001
Russian Federation,Azerbaijan,1.556
Russian Federation,Armenia,35.848
Russian Federation,Belarus,28901.069
Russian Federation,Estonia,10.917
Russian Federation,Japan,0.027000000000000003
Russian Federation,Kazakhstan,13881.34
Russian Federation,Kyrgyzstan,2656.553
Russian Federation,Mongolia,16.394000000000002
Russian Federation,Ukraine,2630.1259999999997
Russian Federation,Uzbekistan,52.119
Rwanda,Belgium,9.081
Rwanda,France,0.012
Rwanda,Oman,0.017
Rwanda,Norway,0.871
Rwanda,United Arab Emirates,0.049
Rwanda,United Kingdom,2.707
Saint Lucia,Antigua and Barbuda,986.247
Saint Lucia,Barbados,572.251
Saint Lucia,Canada,2.373
Saint Lucia,Dominica,0.055
Saint Lucia,Saint Maarten,33.422
Saint Lucia,Saint Kitts and Nevis,153.925
Saint Lucia,Trinidad and Tobago,299.128
Saint Lucia,United Kingdom,5946.210999999999
Saint Lucia,USA,4.095
Saint Pierre and Miquelon,France,0.41100000000000003
Saudi Arabia,Jordan,4051.986
Saudi Arabia,United Arab Emirates,65.706
Senegal,Russian Federation,0.423
Serbia,Albania,14.058
Serbia,Bosnia Herzegovina,173.525
Serbia,Hungary,0.017
Serbia,Italy,57.996
Serbia,Slovenia,176.36700000000002
Serbia,TFYR of Macedonia,98.54700000000001
Seychelles,South Africa,6869.781999999999
India,Afghanistan,1473.911
India,Andorra,0.479
India,Argentina,0.025
India,Australia,1.915
India,Austria,1.421
India,Bahamas,0.006999999999999999
India,Bahrain,243.49400000000003
India,Brazil,0.025
India,Cambodia,1.841
India,Canada,27.608
India,Cayman Isds,0.004
India,Sri Lanka,0.162
India,China,0.004
India,Czechia,0.215
India,France,0.47
India,Germany,193.81400000000002
India,China,0.6559999999999999
India,Indonesia,0.045
India,Iran,9770.991
India,Iraq,3757.76
India,Ireland,59.453
India,Italy,9.088
India,Japan,5.728
India,Jordan,0.9079999999999999
India,Kenya,0.01
India,Rep. of Korea,22.566
India,Kuwait,8189.435
India,Latvia,0.012
India,Liberia,0.033
India,Luxembourg,0.17300000000000001
India,Madagascar,0.006
India,Malaysia,639.6519999999999
India,Maldives,1113.798
India,Mali,0.109
India,Malta,0.003
India,Mauritius,0.008
India,Morocco,0.003
India,Oman,5952.178000000001
India,Nepal,3405.716
India,Netherlands,9.148
India,New Zealand,60.398
India,Nigeria,9.295
India,Norway,0.28
India,Pakistan,264.78700000000003
India,Panama,0.8009999999999999
India,Poland,34.034
India,Qatar,1010.278
India,Russian Federation,0.005
India,Saint Helena,0.064
India,Saudi Arabia,4450.427
India,Singapore,1053.729
India,Sweden,1.3940000000000001
India,Switzerland,2.5340000000000003
India,Thailand,0.359
India,United Arab Emirates,16364.232
India,Turkey,0.05
India,Ukraine,0.883
India,Egypt,0.084
India,United Kingdom,17.421
India,USA,92.664
Singapore,Brunei Darussalam,1.859
Singapore,Myanmar,1.784
Singapore,Sri Lanka,0.094
Singapore,Indonesia,3.0380000000000003
Singapore,Rep. of Korea,0.002
Singapore,Malaysia,3.532
Singapore,Maldives,0.627
Singapore,Oman,67.818
Slovakia,Croatia,94.148
Slovakia,Czechia,170.169
Slovakia,Germany,0.165
Slovakia,Greece,16.730999999999998
Slovakia,Hungary,11601.176000000001
Slovakia,Netherlands,1.198
Slovakia,Poland,2.228
Viet Nam,Australia,146.614
Viet Nam,Armenia,17.724
Viet Nam,Belgium,11.039000000000001
Viet Nam,Myanmar,0.706
Viet Nam,Belarus,60.059
Viet Nam,Canada,33.516999999999996
Viet Nam,Chile,9.64
Viet Nam,China,80580.095
Viet Nam,Czechia,3.634
Viet Nam,Dominican Rep.,2.244
Viet Nam,Estonia,11.05
Viet Nam,Finland,0.04
Viet Nam,France,3.346
Viet Nam,Germany,16.601
Viet Nam,China,7.37
Viet Nam,Iceland,0.6729999999999999
Viet Nam,Israel,78.75
Viet Nam,Italy,32.25
Viet Nam,Japan,2545.0460000000003
Viet Nam,Rep. of Korea,4245.7029999999995
Viet Nam,Lithuania,13.174000000000001
Viet Nam,China,3.029
Viet Nam,Malaysia,703.082
Viet Nam,Maldives,14.558
Viet Nam,Other Asia,101.55799999999999
Viet Nam,Mongolia,29.09
Viet Nam,Netherlands,25.658
Viet Nam,New Zealand,5.317
Viet Nam,Norway,0.131
Viet Nam,Qatar,16.94
Viet Nam,Russian Federation,1669.7379999999998
Viet Nam,Saudi Arabia,10.784
Viet Nam,Singapore,263.03
Viet Nam,South Africa,51.66
Viet Nam,Spain,3.5639999999999996
Viet Nam,Sweden,4.423
Viet Nam,Switzerland,55.31399999999999
Viet Nam,Thailand,4.762
Viet Nam,United Arab Emirates,25.935
Viet Nam,Ukraine,65.676
Viet Nam,United Kingdom,9.262
Viet Nam,USA,74.796
Slovenia,Austria,161.10399999999998
Slovenia,Bosnia Herzegovina,0.938
Slovenia,Bulgaria,1020.73
Slovenia,Croatia,25419.12
Slovenia,Greece,134.52200000000002
Slovenia,Hungary,765.6089999999999
Slovenia,Italy,3506.7740000000003
Slovenia,Latvia,342.199
Slovenia,Netherlands,20.928
Slovenia,Poland,42.213
Slovenia,Romania,5543.1230000000005
Slovenia,Serbia,7.694
South Africa,Austria,2.346
South Africa,Botswana,3036.6679999999997
South Africa,Dem. Rep. of the Congo,0.076
South Africa,France,159.632
South Africa,Germany,22.623
South Africa,Italy,143.314
South Africa,Kenya,0.111
South Africa,Lesotho,674.753
South Africa,Luxembourg,7.476
South Africa,Malawi,5.744
South Africa,Maldives,0.541
South Africa,Mauritius,0.125
South Africa,Mozambique,15.341
South Africa,Namibia,2926.325
South Africa,Netherlands,26.116
South Africa,Norway,0.385
South Africa,Poland,0.051
South Africa,Saudi Arabia,12.905999999999999
South Africa,Zimbabwe,5.251
South Africa,Spain,2.168
South Africa,Swaziland,179.55200000000002
South Africa,Switzerland,3.862
South Africa,United Arab Emirates,0.047
South Africa,United Rep. of Tanzania,1.995
South Africa,USA,5.699
South Africa,Samoa,8.129
South Africa,Zambia,4.495
Zimbabwe,Botswana,0.8
Zimbabwe,Maldives,0.011000000000000001
Zimbabwe,South Africa,763.5189999999999
Zimbabwe,United Arab Emirates,0.077
Zimbabwe,Zambia,6.768
Spain,Andorra,108.25299999999999
Spain,Austria,188.915
Spain,Bahrain,0.044000000000000004
Spain,Belgium,11933.22
Spain,Bulgaria,0.261
Spain,Belarus,15.284
Spain,Canada,0.006
Spain,Cabo Verde,29.273000000000003
Spain,China,17.271
Spain,Croatia,4.364
Spain,Cyprus,0.9059999999999999
Spain,Czechia,0.15
Spain,Denmark,26.396
Spain,France,13286.811000000002
Spain,Germany,1095.62
Spain,Gibraltar,374.292
Spain,Greece,0.086
Spain,Ireland,6.604
Spain,Italy,2559.657
Spain,Japan,1.827
Spain,Luxembourg,0.431
Spain,Malta,62.443000000000005
Spain,Mauritania,23.398000000000003
Spain,Mexico,26.145
Spain,Morocco,559.62
Spain,Netherlands,1330.265
Spain,New Zealand,0.067
Spain,Norway,35.992
Spain,Poland,11.75
Spain,Portugal,79129.06599999999
Spain,Romania,599.701
Spain,Saudi Arabia,0.535
Spain,Slovakia,1.745
Spain,Slovenia,0.602
Spain,Sweden,90.90100000000001
Spain,Switzerland,2325.127
Spain,United Arab Emirates,0.039
Spain,Tunisia,3.569
Spain,United Kingdom,33.091
Sudan,Bahrain,9.0
Sudan,Greece,0.2
Sudan,Jordan,4093.7790000000005
Sudan,Kuwait,30.954
Sudan,Oman,6.9
Sudan,Saudi Arabia,42.701
Sudan,Egypt,208.81900000000002
Suriname,Austria,1586.839
Suriname,Belgium,33083.919
Suriname,Belarus,635.609
Suriname,Estonia,505.145
Suriname,France,9501.57
Suriname,Germany,30.081
Suriname,Ireland,78.255
Suriname,Morocco,19.877
Suriname,Poland,14.687000000000001
Suriname,Spain,2620.724
Suriname,Switzerland,0.023
Swaziland,Netherlands,8.071
Swaziland,Rwanda,8.407
Swaziland,South Africa,2811.5040000000004
Sweden,Belgium,123.279
Sweden,Czechia,329.89599999999996
Sweden,Denmark,10695.27
Sweden,Finland,13.565999999999999
Sweden,France,4731.589
Sweden,Germany,1029.976
Sweden,China,0.69
Sweden,Netherlands,3667.4640000000004
Sweden,Norway,196.832
Sweden,Poland,53.754
Sweden,Portugal,196.63
Sweden,Romania,0.7829999999999999
Sweden,Spain,170.933
Sweden,United Kingdom,890.927
Switzerland,Canada,9.389
Switzerland,France,0.25
Switzerland,Iceland,4.427
Switzerland,Netherlands,12.227
Switzerland,Sweden,6.7860000000000005
Syria,Lebanon,15.203
Thailand,Argentina,2.716
Thailand,Australia,90.322
Thailand,Austria,3.793
Thailand,Bahrain,0.023
Thailand,Bangladesh,0.019
Thailand,Belgium,0.12
Thailand,Brunei Darussalam,116.31200000000001
Thailand,Myanmar,0.541
Thailand,Canada,35.391
Thailand,China,23003.392000000003
Thailand,Costa Rica,0.009000000000000001
Thailand,Czechia,1.3559999999999999
Thailand,Denmark,76.12899999999999
Thailand,Estonia,22.967
Thailand,Finland,1.6540000000000001
Thailand,France,31.129
Thailand,Germany,106.45
Thailand,China,1414.611
Thailand,Hungary,0.054000000000000006
Thailand,Iceland,1.984
Thailand,Indonesia,32.453
Thailand,Iran,19.48
Thailand,Iraq,97.44200000000001
Thailand,Ireland,0.204
Thailand,Israel,44.263000000000005
Thailand,Italy,7.494
Thailand,Japan,2453.701
Thailand,Rep. of Korea,39.208
Thailand,Kuwait,0.769
Thailand,Lao People's Dem. Rep.,243.967
Thailand,Lebanon,0.214
Thailand,Luxembourg,0.649
Thailand,China,14.919
Thailand,Malaysia,535.06
Thailand,Maldives,47.472
Thailand,Mexico,0.049
Thailand,Other Asia,4.02
Thailand,Mongolia,23.787
Thailand,Netherlands,15.183
Thailand,New Zealand,46.836000000000006
Thailand,Norway,125.041
Thailand,Poland,36.53
Thailand,Qatar,1.0959999999999999
Thailand,Russian Federation,7.319
Thailand,Singapore,365.23800000000006
Thailand,Slovakia,3.3539999999999996
Thailand,Viet Nam,179.855
Thailand,Slovenia,0.092
Thailand,South Africa,0.073
Thailand,Spain,0.013999999999999999
Thailand,Sweden,3.97
Thailand,Switzerland,260.905
Thailand,United Arab Emirates,25.487
Thailand,Turkey,15.359000000000002
Thailand,Ukraine,5.079
Thailand,United Kingdom,150.70600000000002
Thailand,USA,2880.5370000000003
Togo,Belgium,0.24100000000000002
Togo,Benin,14.167
Togo,Switzerland,0.564
Tonga,New Zealand,0.253
United Arab Emirates,Afghanistan,1088.531
United Arab Emirates,Bahrain,69.87
United Arab Emirates,Djibouti,0.10099999999999999
United Arab Emirates,Georgia,76.514
United Arab Emirates,Iran,970.2439999999999
United Arab Emirates,Iraq,0.15
United Arab Emirates,Kenya,0.419
United Arab Emirates,Kuwait,335.282
United Arab Emirates,Maldives,115.62899999999999
United Arab Emirates,Oman,3546.901
United Arab Emirates,Saudi Arabia,445.376
United Arab Emirates,Seychelles,1.145
United Arab Emirates,India,2.178
Tunisia,Finland,3.53
Tunisia,United Arab Emirates,26.018
Turkey,Bulgaria,11.515999999999998
Turkey,Canada,0.086
Turkey,Cyprus,9.95
Turkey,Czechia,0.039
Turkey,Georgia,1316.2820000000002
Turkey,Germany,364.95099999999996
Turkey,Iraq,3.0989999999999998
Turkey,Lebanon,163.08
Turkey,Luxembourg,0.025
Turkey,Maldives,3.432
Turkey,Saudi Arabia,0.7290000000000001
Turkey,United Arab Emirates,0.6609999999999999
Turkey,TFYR of Macedonia,0.408
Turkey,United Kingdom,2.351
Turkey,USA,0.15
Turkey,Uzbekistan,133.0
Uganda,Austria,22.893
Uganda,Belgium,8.024
Uganda,Canada,472.48199999999997
Uganda,Czechia,13.752
Uganda,Denmark,0.059000000000000004
Uganda,Estonia,5.572
Uganda,France,2.674
Uganda,Germany,207.002
Uganda,Hungary,0.079
Uganda,Ireland,0.016
Uganda,Kenya,186.855
Uganda,Kuwait,8.888
Uganda,Luxembourg,1.188
Uganda,Maldives,0.213
Uganda,Netherlands,11.605
Uganda,Norway,1.5819999999999999
Uganda,Rwanda,4.6080000000000005
Uganda,Saudi Arabia,12.509
Uganda,South Africa,1.6369999999999998
Uganda,South Sudan,15.577
Uganda,Sweden,0.946
Uganda,Switzerland,107.2
Uganda,United Arab Emirates,22.025
Uganda,Ukraine,0.6859999999999999
Uganda,United Kingdom,534.197
Uganda,USA,0.315
Ukraine,Antigua and Barbuda,0.061
Ukraine,Austria,1.4140000000000001
Ukraine,Bahamas,0.026000000000000002
Ukraine,Belgium,0.044000000000000004
Ukraine,Bermuda,0.024
Ukraine,Belize,0.028999999999999998
Ukraine,Bulgaria,0.225
Ukraine,Canada,0.10300000000000001
Ukraine,Chile,0.06
Ukraine,China,0.13699999999999998
Ukraine,Cyprus,0.276
Ukraine,France,0.315
Ukraine,Georgia,3.7439999999999998
Ukraine,Germany,0.48700000000000004
Ukraine,Greece,0.409
Ukraine,China,0.153
Ukraine,Ireland,0.001
Ukraine,Japan,0.1
Ukraine,Lebanon,0.092
Ukraine,Liberia,0.196
Ukraine,Malta,0.903
Ukraine,Rep. of Moldova,14.457
Ukraine,Netherlands,0.018000000000000002
Ukraine,Norway,0.045
Ukraine,Marshall Isds,0.075
Ukraine,Panama,0.23800000000000002
Ukraine,Philippines,0.065
Ukraine,Poland,0.13699999999999998
Ukraine,Russian Federation,0.237
Ukraine,Saint Kitts and Nevis,0.019
Ukraine,Seychelles,0.021
Ukraine,Sierra Leone,0.027999999999999997
Ukraine,Singapore,0.39
Ukraine,Slovakia,0.19
Ukraine,Switzerland,0.094
Ukraine,United Arab Emirates,0.049
Ukraine,Turkey,1.146
Ukraine,United Kingdom,0.5589999999999999
Egypt,Austria,2.349
Egypt,Czechia,3.043
Egypt,France,1.402
Egypt,State of Palestine,1.94
Egypt,Greece,6.702000000000001
Egypt,Jordan,47.522
Egypt,Kuwait,48.193999999999996
Egypt,Luxembourg,4.593
Egypt,Maldives,1.599
Egypt,Saudi Arabia,31.393
Egypt,Slovakia,19.201
Egypt,United Arab Emirates,2.003
Egypt,Tunisia,177.269
Egypt,Turkey,52.565
United Kingdom,Austria,21.028000000000002
United Kingdom,Bahamas,0.015
United Kingdom,Belgium,20.531999999999996
United Kingdom,Bulgaria,8.293
United Kingdom,Cyprus,8.068
United Kingdom,Czechia,72.79899999999999
United Kingdom,Denmark,136.168
United Kingdom,Estonia,0.10400000000000001
United Kingdom,Finland,1.1740000000000002
United Kingdom,France,1288.183
United Kingdom,Germany,143.859
United Kingdom,Greece,145.63299999999998
United Kingdom,China,98.307
United Kingdom,Hungary,0.396
United Kingdom,Iceland,2.73
United Kingdom,Ireland,2330.067
United Kingdom,Italy,32.609
United Kingdom,Kenya,2.215
United Kingdom,Lebanon,0.049
United Kingdom,Latvia,22.261999999999997
United Kingdom,Lithuania,0.6779999999999999
United Kingdom,Malta,0.794
United Kingdom,Netherlands,2244.448
United Kingdom,Norway,0.71
United Kingdom,Poland,163.753
United Kingdom,Portugal,536.965
United Kingdom,Romania,12.139000000000001
United Kingdom,Saudi Arabia,14.352
United Kingdom,Singapore,2.083
United Kingdom,Slovakia,7.712000000000001
United Kingdom,Spain,497.94699999999995
United Kingdom,Sweden,5122.295999999999
United Kingdom,Switzerland,0.069
United Kingdom,United Arab Emirates,3.9019999999999997
United Kingdom,Turkey,13.839
United Kingdom,Ukraine,0.639
United Rep. of Tanzania,Australia,5.034
United Rep. of Tanzania,Austria,1.274
United Rep. of Tanzania,Burundi,1.139
United Rep. of Tanzania,Comoros,0.693
United Rep. of Tanzania,Czechia,55.317
United Rep. of Tanzania,Germany,37.384
United Rep. of Tanzania,Japan,55.317
United Rep. of Tanzania,Kenya,2.552
United Rep. of Tanzania,Malawi,26.673000000000002
United Rep. of Tanzania,Oman,0.9990000000000001
United Rep. of Tanzania,Rwanda,6.89
United Rep. of Tanzania,Switzerland,3.112
United Rep. of Tanzania,United Arab Emirates,5.167000000000001
United Rep. of Tanzania,United Kingdom,47.542
United Rep. of Tanzania,USA,55.317
United Rep. of Tanzania,Zambia,86.59700000000001
USA,Australia,26.656999999999996
USA,Bahamas,2452.1710000000003
USA,Barbados,15.216
USA,Bermuda,3353.087
USA,Br. Virgin Isds,187.071
USA,Canada,118547.38699999999
USA,Cayman Isds,805.262
USA,Chile,0.632
USA,China,29.428
USA,Colombia,40.275
USA,Costa Rica,12.408
USA,Czechia,0.004
USA,Ecuador,44.61
USA,El Salvador,2.7460000000000004
USA,France,5.787000000000001
USA,Germany,0.344
USA,Guatemala,69.399
USA,Honduras,22.965999999999998
USA,China,75.975
USA,Iceland,4.085
USA,Ireland,0.009000000000000001
USA,Japan,5.364
USA,Rep. of Korea,36.449
USA,Kuwait,5.7410000000000005
USA,Luxembourg,0.046
USA,China,1.8019999999999998
USA,Maldives,2.374
USA,Mexico,49.368
USA,Netherlands,2.7
USA,Aruba,68.202
USA,Saint Maarten,14.841
USA,Nigeria,5.018
USA,Palau,0.08900000000000001
USA,Pakistan,0.23600000000000002
USA,Peru,36.384
USA,Philippines,42.84
USA,Poland,0.593
USA,Russian Federation,38.576
USA,Singapore,0.765
USA,Viet Nam,6.3660000000000005
USA,Sweden,0.21100000000000002
USA,Trinidad and Tobago,3.596
USA,United Arab Emirates,15.960999999999999
USA,Turks and Caicos Isds,594.543
Burkina Faso,Niger,64.303
Uruguay,Germany,0.677
Uruguay,Tunisia,31.166999999999998
Uruguay,United Kingdom,1.139
Venezuela,Aruba,0.358
Venezuela,USA,20.366
Samoa,American Samoa,0.192
Samoa,Australia,0.222
Samoa,New Zealand,3.154
Samoa,Tokelau,1.321
Samoa,Tonga,0.047
Samoa,USA,0.08800000000000001
Yemen,Saudi Arabia,480.772
Zambia,Malawi,0.20600000000000002
Zambia,Mauritius,13.558
Zambia,Namibia,0.022000000000000002
Zambia,South Africa,33.205999999999996
Zambia,Zimbabwe,0.03
Zambia,USA,0.11900000000000001
